ID,Accession,Target,TargetID,Experiment,Literature,Tissue
hsa-mir-629-5p,MIMAT0004810,ATP5G2,517,CLASH,23622248,Unspecified
hsa-mir-629-5p,MIMAT0004810,CSNK1E,1454,PAR-CLIP,23446348,Unspecified
hsa-mir-629-5p,MIMAT0004810,DMXL1,1657,PAR-CLIP,23446348,Unspecified
hsa-mir-629-5p,MIMAT0004810,ELF3,1999,PAR-CLIP,26701625,Unspecified
hsa-mir-629-5p,MIMAT0004810,HIST1H1C,3006,PAR-CLIP,23446348|20371350,Unspecified
hsa-mir-629-5p,MIMAT0004810,HIST1H2BB,3018,HITS-CLIP//PAR-CLIP,23446348|20371350|21572407,Unspecified
hsa-mir-629-5p,MIMAT0004810,HNF4A,3172,ELISA//Flow//Immunohistochemistry//Immunoprecipitaion//In situ hybridization//Luciferase reporter assay//Microarray//qRT-PCR//Western blot,22153071,Unspecified
hsa-mir-629-5p,MIMAT0004810,HOXC8,3224,PAR-CLIP,23446348|21572407,Unspecified
hsa-mir-629-5p,MIMAT0004810,NFYA,4800,HITS-CLIP,23313552,Unspecified
hsa-mir-629-5p,MIMAT0004810,PTPN14,5784,HITS-CLIP,23313552,Unspecified
hsa-mir-629-5p,MIMAT0004810,PTPRB,5787,Microarray,23807165,Unspecified
hsa-mir-629-5p,MIMAT0004810,RAB3B,5865,PAR-CLIP,23446348|22012620,Unspecified
hsa-mir-629-5p,MIMAT0004810,RTKN,6242,PAR-CLIP,23592263,Unspecified
hsa-mir-629-5p,MIMAT0004810,SDCBP,6386,PAR-CLIP,20371350,Unspecified
hsa-mir-629-5p,MIMAT0004810,SGCD,6444,HITS-CLIP,23824327|27418678,Unspecified
hsa-mir-629-5p,MIMAT0004810,SIX1,6495,HITS-CLIP,23824327,Unspecified
hsa-mir-629-5p,MIMAT0004810,ZEB1,6935,Microarray,23807165,Unspecified
hsa-mir-629-5p,MIMAT0004810,TFDP1,7027,PAR-CLIP,20371350,Unspecified
hsa-mir-629-5p,MIMAT0004810,ZNF175,7728,HITS-CLIP,23824327,Unspecified
hsa-mir-629-5p,MIMAT0004810,HIST1H2AC,8334,CLASH,23622248,Unspecified
hsa-mir-629-5p,MIMAT0004810,HIST1H2BE,8344,HITS-CLIP//PAR-CLIP,23446348|21572407|20371350|23706177,Unspecified
hsa-mir-629-5p,MIMAT0004810,HIST1H2BH,8345,PAR-CLIP,23446348,Unspecified
hsa-mir-629-5p,MIMAT0004810,HIST1H3D,8351,HITS-CLIP//PAR-CLIP,23446348|20371350|21572407,Unspecified
hsa-mir-629-5p,MIMAT0004810,HIST1H3B,8358,PAR-CLIP,23446348|21572407|20371350,Unspecified
hsa-mir-629-5p,MIMAT0004810,DYRK2,8445,PAR-CLIP,22012620,Unspecified
hsa-mir-629-5p,MIMAT0004810,RIOK3,8780,HITS-CLIP,23824327,Unspecified
hsa-mir-629-5p,MIMAT0004810,TNFRSF10D,8793,Microarray,23807165,Unspecified
hsa-mir-629-5p,MIMAT0004810,SYNGAP1,8831,HITS-CLIP,23824327|19536157,Unspecified
hsa-mir-629-5p,MIMAT0004810,CFLAR,8837,Microarray,23807165,Unspecified
hsa-mir-629-5p,MIMAT0004810,ZBTB18,10472,PAR-CLIP,20371350,Unspecified
hsa-mir-629-5p,MIMAT0004810,HOXB13,10481,PAR-CLIP,23592263,Unspecified
hsa-mir-629-5p,MIMAT0004810,TXNIP,10628,PAR-CLIP,23446348|27292025,Unspecified
hsa-mir-629-5p,MIMAT0004810,PAPD7,11044,PAR-CLIP,23592263,Unspecified
hsa-mir-629-5p,MIMAT0004810,RASSF8,11228,Microarray,23807165,Unspecified
hsa-mir-629-5p,MIMAT0004810,AAK1,22848,PAR-CLIP,20371350,Unspecified
hsa-mir-629-5p,MIMAT0004810,CARD8,22900,Microarray,23807165,Unspecified
hsa-mir-629-5p,MIMAT0004810,NCDN,23154,HITS-CLIP,27418678,Unspecified
hsa-mir-629-5p,MIMAT0004810,GPR82,27197,PAR-CLIP,22012620,Unspecified
hsa-mir-629-5p,MIMAT0004810,ERGIC2,51290,HITS-CLIP,23824327,Unspecified
hsa-mir-629-5p,MIMAT0004810,ZBTB7A,51341,PAR-CLIP,26701625,Unspecified
hsa-mir-629-5p,MIMAT0004810,TRIM33,51592,Luciferase reporter assay//Microarray//qRT-PCR//Western blot,25381221,Unspecified
hsa-mir-629-5p,MIMAT0004810,MIEF1,54471,HITS-CLIP,27418678,Unspecified
hsa-mir-629-5p,MIMAT0004810,MTRF1L,54516,HITS-CLIP,19536157,Unspecified
hsa-mir-629-5p,MIMAT0004810,PARD3,56288,HITS-CLIP,23313552,Unspecified
hsa-mir-629-5p,MIMAT0004810,ANO8,57719,HITS-CLIP,27418678,Unspecified
hsa-mir-629-5p,MIMAT0004810,GPR107,57720,PAR-CLIP,26701625,Unspecified
hsa-mir-629-5p,MIMAT0004810,TP53INP2,58476,Microarray,23807165,Unspecified
hsa-mir-629-5p,MIMAT0004810,PERP,64065,Microarray,23807165,Unspecified
hsa-mir-629-5p,MIMAT0004810,ERAP2,64167,HITS-CLIP,23824327,Unspecified
hsa-mir-629-5p,MIMAT0004810,AKTIP,64400,Microarray,23807165,Unspecified
hsa-mir-629-5p,MIMAT0004810,RSRC2,65117,PAR-CLIP,23592263|21572407|20371350,Unspecified
hsa-mir-629-5p,MIMAT0004810,OR2A4,79541,PAR-CLIP,22100165,Unspecified
hsa-mir-629-5p,MIMAT0004810,ZCCHC6,79670,CLASH,23622248,Unspecified
hsa-mir-629-5p,MIMAT0004810,EIF1AD,84285,PAR-CLIP,23592263,Unspecified
hsa-mir-629-5p,MIMAT0004810,ZBTB47,92999,PAR-CLIP,23446348|21572407|20371350,Unspecified
hsa-mir-629-5p,MIMAT0004810,AGAP1,116987,PAR-CLIP,26701625,Unspecified
hsa-mir-629-5p,MIMAT0004810,RAB3IP,117177,HITS-CLIP,23824327,Unspecified
hsa-mir-629-5p,MIMAT0004810,CMBL,134147,HITS-CLIP,23824327,Unspecified
hsa-mir-629-5p,MIMAT0004810,DHFR2,200895,HITS-CLIP,23313552,Unspecified
hsa-mir-629-5p,MIMAT0004810,RAB12,201475,Microarray,23807165,Unspecified
hsa-mir-629-5p,MIMAT0004810,IRF2BP2,359948,PAR-CLIP,23592263|20371350,Unspecified
hsa-mir-629-5p,MIMAT0004810,ONECUT3,390874,PAR-CLIP,26701625,Unspecified
hsa-mir-629-5p,MIMAT0004810,ELF3,1999,PAR-CLIP,26701625,Unspecified
hsa-mir-629-5p,MIMAT0004810,HNF4A,3172,ELISA//Flow//Immunohistochemistry//Immunoprecipitaion//In situ hybridization//Luciferase reporter assay//Microarray//qRT-PCR//Western blot,22153071,Unspecified
hsa-mir-629-5p,MIMAT0004810,SDCBP,6386,PAR-CLIP,20371350,Unspecified
hsa-mir-629-5p,MIMAT0004810,CFLAR,8837,Microarray,23807165,Unspecified
hsa-mir-629-5p,MIMAT0004810,ZBTB18,10472,PAR-CLIP,20371350,Unspecified
hsa-mir-629-5p,MIMAT0004810,TXNIP,10628,PAR-CLIP,23446348|27292025,Unspecified
hsa-mir-629-5p,MIMAT0004810,MTRF1L,54516,HITS-CLIP,19536157,Unspecified
hsa-mir-629-5p,MIMAT0004810,RSRC2,65117,PAR-CLIP,23592263|21572407|20371350,Unspecified
hsa-mir-629-5p,MIMAT0004810,IRF2BP2,359948,PAR-CLIP,23592263|20371350,Unspecified
hsa-mir-629-5p,MIMAT0004810,SLC7A2,6542,HITS-CLIP,tarbase,Unspecified
hsa-mir-629-5p,MIMAT0004810,PAFAH1B1,5048,HITS-CLIP,tarbase,Unspecified
hsa-mir-629-5p,MIMAT0004810,KIAA0100,9703,HITS-CLIP,tarbase,Unspecified
hsa-mir-629-5p,MIMAT0004810,SPRTN,83932,PAR-CLIP,tarbase,Unspecified
hsa-mir-629-5p,MIMAT0004810,ANLN,54443,HITS-CLIP,tarbase,Unspecified
hsa-mir-629-5p,MIMAT0004810,AKAP11,11215,HITS-CLIP,tarbase,Unspecified
hsa-mir-629-5p,MIMAT0004810,TRIO,7204,HITS-CLIP,tarbase,Unspecified
hsa-mir-629-5p,MIMAT0004810,HSPA5,3309,HITS-CLIP,tarbase,Unspecified
hsa-mir-629-5p,MIMAT0004810,CTPS2,56474,HITS-CLIP,tarbase,Unspecified
hsa-mir-629-5p,MIMAT0004810,FAM214A,56204,PAR-CLIP,tarbase,Unspecified
hsa-mir-629-5p,MIMAT0004810,MAP4,4134,HITS-CLIP,tarbase,Unspecified
hsa-mir-629-5p,MIMAT0004810,FAM120A,23196,HITS-CLIP,tarbase,Unspecified
hsa-mir-629-5p,MIMAT0004810,ARID1B,57492,HITS-CLIP,tarbase,Unspecified
hsa-mir-629-5p,MIMAT0004810,EIF2AK2,5610,PAR-CLIP,tarbase,Unspecified
hsa-mir-629-5p,MIMAT0004810,PRDM1,639,HITS-CLIP,tarbase,Unspecified
hsa-mir-629-5p,MIMAT0004810,ZC3H11A,9877,PAR-CLIP,tarbase,Unspecified
hsa-mir-629-5p,MIMAT0004810,UNKL,64718,PAR-CLIP,tarbase,Unspecified
hsa-mir-629-5p,MIMAT0004810,SLC2A3,6515,HITS-CLIP,tarbase,Unspecified
hsa-mir-629-5p,MIMAT0004810,QSER1,79832,HITS-CLIP,tarbase,Unspecified
hsa-mir-629-5p,MIMAT0004810,MRPS35,60488,PAR-CLIP,tarbase,Unspecified
hsa-mir-629-5p,MIMAT0004810,CS,1431,HITS-CLIP,tarbase,Unspecified
hsa-mir-629-5p,MIMAT0004810,ELMO2,63916,PAR-CLIP,tarbase,Unspecified
hsa-mir-629-5p,MIMAT0004810,MED29,55588,HITS-CLIP,tarbase,Unspecified
hsa-mir-629-5p,MIMAT0004810,MCM10,55388,PAR-CLIP,tarbase,Unspecified
hsa-mir-629-5p,MIMAT0004810,GOLGA5,9950,HITS-CLIP,tarbase,Unspecified
hsa-mir-629-5p,MIMAT0004810,ZFYVE26,23503,HITS-CLIP,tarbase,Unspecified
hsa-mir-629-5p,MIMAT0004810,TFRC,7037,HITS-CLIP,tarbase,Unspecified
hsa-mir-629-5p,MIMAT0004810,AFF4,27125,HITS-CLIP,tarbase,Unspecified
hsa-mir-629-5p,MIMAT0004810,NDE1,54820,HITS-CLIP,tarbase,Unspecified
hsa-mir-629-5p,MIMAT0004810,NDE1,54820,HITS-CLIP,tarbase,Unspecified
hsa-mir-629-5p,MIMAT0004810,PPP2R2C,5522,HITS-CLIP,tarbase,Unspecified
hsa-mir-629-5p,MIMAT0004810,SLC25A3,5250,HITS-CLIP,tarbase,Unspecified
hsa-mir-629-5p,MIMAT0004810,FNDC3B,64778,PAR-CLIP,tarbase,Unspecified
hsa-mir-629-5p,MIMAT0004810,DLG1,1739,PAR-CLIP,tarbase,Unspecified
hsa-mir-629-5p,MIMAT0004810,BAZ2A,11176,HITS-CLIP,tarbase,Unspecified
hsa-mir-629-5p,MIMAT0004810,UBE2T,29089,PAR-CLIP,tarbase,Unspecified
hsa-mir-629-5p,MIMAT0004810,SNRPA,6626,HITS-CLIP,tarbase,Unspecified
hsa-mir-629-5p,MIMAT0004810,HOXA9,3205,HITS-CLIP,tarbase,Unspecified
hsa-mir-629-5p,MIMAT0004810,XRCC5,7520,HITS-CLIP,tarbase,Unspecified
hsa-mir-629-5p,MIMAT0004810,RAB21,23011,HITS-CLIP,tarbase,Unspecified
hsa-mir-629-5p,MIMAT0004810,TCF7,6932,HITS-CLIP,tarbase,Unspecified
hsa-mir-629-5p,MIMAT0004810,CYLD,1540,HITS-CLIP,tarbase,Unspecified
hsa-mir-629-5p,MIMAT0004810,KHSRP,8570,PAR-CLIP,tarbase,Unspecified
hsa-mir-629-5p,MIMAT0004810,SNX5,27131,HITS-CLIP,tarbase,Unspecified
hsa-mir-629-5p,MIMAT0004810,PEBP1,5037,PAR-CLIP,tarbase,Unspecified
hsa-mir-629-5p,MIMAT0004810,ZNF268,10795,PAR-CLIP,tarbase,Unspecified
hsa-mir-629-5p,MIMAT0004810,GOLGA3,2802,HITS-CLIP,tarbase,Unspecified
hsa-mir-629-5p,MIMAT0004810,TNRC6A,27327,HITS-CLIP,tarbase,Unspecified
hsa-mir-629-5p,MIMAT0004810,TNRC6A,27327,HITS-CLIP,tarbase,Unspecified
hsa-mir-629-5p,MIMAT0004810,CDV3,55573,HITS-CLIP,tarbase,Unspecified
hsa-mir-629-5p,MIMAT0004810,SPECC1L,23384,HITS-CLIP,tarbase,Unspecified
hsa-mir-629-5p,MIMAT0004810,TNRC6B,23112,PAR-CLIP,tarbase,Unspecified
hsa-mir-629-5p,MIMAT0004810,IL2RB,3560,HITS-CLIP,tarbase,Unspecified
hsa-mir-629-5p,MIMAT0004810,SIX4,51804,Chimeric fragments,tarbase,Unspecified
hsa-mir-629-5p,MIMAT0004810,EIF5,1983,HITS-CLIP,tarbase,Unspecified
hsa-mir-629-5p,MIMAT0004810,DICER1,23405,Chimeric fragments,tarbase,Unspecified
hsa-mir-629-5p,MIMAT0004810,YY1,7528,HITS-CLIP,tarbase,Unspecified
hsa-mir-629-5p,MIMAT0004810,PCIF1,63935,HITS-CLIP,tarbase,Unspecified
hsa-mir-629-5p,MIMAT0004810,NOL4,8715,HITS-CLIP,tarbase,Unspecified
hsa-mir-629-5p,MIMAT0004810,MID1,4281,Chimeric fragments,tarbase,Unspecified
hsa-mir-629-5p,MIMAT0004810,STAG2,10735,"HITS-CLIP, Chimeric fragments",tarbase,Unspecified
hsa-mir-629-5p,MIMAT0004810,FMR1,2332,HITS-CLIP,tarbase,Unspecified
hsa-mir-629-5p,MIMAT0004810,PIM2,11040,HITS-CLIP,tarbase,Unspecified
hsa-mir-629-5p,MIMAT0004810,USP10,9100,PAR-CLIP,tarbase,Unspecified
hsa-mir-629-5p,MIMAT0004810,BFAR,51283,HITS-CLIP,tarbase,Unspecified
hsa-mir-629-5p,MIMAT0004810,BFAR,51283,HITS-CLIP,tarbase,Unspecified
hsa-mir-629-5p,MIMAT0004810,CDIPT,10423,HITS-CLIP,tarbase,Unspecified
hsa-mir-629-5p,MIMAT0004810,SYT17,51760,HITS-CLIP,tarbase,Unspecified
hsa-mir-629-5p,MIMAT0004810,DTWD1,56986,PAR-CLIP,tarbase,Unspecified
hsa-mir-629-5p,MIMAT0004810,OAZ1,4946,HITS-CLIP,tarbase,Unspecified
hsa-mir-629-5p,MIMAT0004810,RPS16,6217,HITS-CLIP,tarbase,Unspecified
hsa-mir-629-5p,MIMAT0004810,MTPN,136319,"PAR-CLIP, HITS-CLIP",tarbase,Unspecified
hsa-mir-629-5p,MIMAT0004810,MET,4233,HITS-CLIP,tarbase,Unspecified
hsa-mir-629-5p,MIMAT0004810,ZKSCAN1,7586,PAR-CLIP,tarbase,Unspecified
hsa-mir-629-5p,MIMAT0004810,TFR2,7036,HITS-CLIP,tarbase,Unspecified
hsa-mir-629-5p,MIMAT0004810,TMEM106B,54664,PAR-CLIP,tarbase,Unspecified
hsa-mir-629-5p,MIMAT0004810,PSMA2,5683,HITS-CLIP,tarbase,Unspecified
hsa-mir-629-5p,MIMAT0004810,SPIN1,10927,HITS-CLIP,tarbase,Unspecified
hsa-mir-629-5p,MIMAT0004810,ABHD17B,51104,"HITS-CLIP, PAR-CLIP",tarbase,Unspecified
hsa-mir-629-5p,MIMAT0004810,CXCL12,6387,HITS-CLIP,tarbase,Unspecified
hsa-mir-629-5p,MIMAT0004810,SH3PXD2A,9644,HITS-CLIP,tarbase,Unspecified
hsa-mir-629-5p,MIMAT0004810,EBF3,253738,HITS-CLIP,tarbase,Unspecified
hsa-mir-629-5p,MIMAT0004810,SMC3,9126,HITS-CLIP,tarbase,Unspecified
hsa-mir-629-5p,MIMAT0004810,NUFIP2,57532,"HITS-CLIP, PAR-CLIP",tarbase,Unspecified
hsa-mir-629-5p,MIMAT0004810,MTMR4,9110,HITS-CLIP,tarbase,Unspecified
hsa-mir-629-5p,MIMAT0004810,CHORDC1,26973,HITS-CLIP,tarbase,Unspecified
hsa-mir-629-5p,MIMAT0004810,CHORDC1,26973,HITS-CLIP,tarbase,Unspecified
hsa-mir-629-5p,MIMAT0004810,BIRC2,329,HITS-CLIP,tarbase,Unspecified
hsa-mir-629-5p,MIMAT0004810,FBXO3,26273,PAR-CLIP,tarbase,Unspecified
hsa-mir-629-5p,MIMAT0004810,OAS3,4940,PAR-CLIP,tarbase,Unspecified
hsa-mir-629-5p,MIMAT0004810,MCM3,4172,PAR-CLIP,tarbase,Unspecified
hsa-mir-629-5p,MIMAT0004810,RAB23,51715,HITS-CLIP,tarbase,Unspecified
hsa-mir-629-5p,MIMAT0004810,C6orf62,81688,HITS-CLIP,tarbase,Unspecified
hsa-mir-629-5p,MIMAT0004810,HBS1L,10767,HITS-CLIP,tarbase,Unspecified
hsa-mir-629-5p,MIMAT0004810,VEGFA,7422,HITS-CLIP,tarbase,Unspecified
hsa-mir-629-5p,MIMAT0004810,PRLR,5618,PAR-CLIP,tarbase,Unspecified
hsa-mir-629-5p,MIMAT0004810,NR3C1,2908,PAR-CLIP,tarbase,Unspecified
hsa-mir-629-5p,MIMAT0004810,PPWD1,23398,HITS-CLIP,tarbase,Unspecified
hsa-mir-629-5p,MIMAT0004810,KAT2B,8850,HITS-CLIP,tarbase,Unspecified
hsa-mir-629-5p,MIMAT0004810,ATP6V1A,523,HITS-CLIP,tarbase,Unspecified
hsa-mir-629-5p,MIMAT0004810,EIF4G1,1981,HITS-CLIP,tarbase,Unspecified
hsa-mir-629-5p,MIMAT0004810,MOB4,25843,PAR-CLIP,tarbase,Unspecified
hsa-mir-629-5p,MIMAT0004810,BIRC6,57448,PAR-CLIP,tarbase,Unspecified
hsa-mir-629-5p,MIMAT0004810,DHCR24,1718,HITS-CLIP,tarbase,Unspecified
hsa-mir-629-5p,MIMAT0004810,ASH1L,55870,HITS-CLIP,tarbase,Unspecified
hsa-mir-629-5p,MIMAT0004810,AKT3,10000,HITS-CLIP,tarbase,Unspecified
hsa-mir-629-5p,MIMAT0004810,AKT3,10000,HITS-CLIP,tarbase,Unspecified
hsa-mir-629-5p,MIMAT0004810,ETV3,2117,PAR-CLIP,tarbase,Unspecified
hsa-mir-629-5p,MIMAT0004810,CDC20,991,HITS-CLIP,tarbase,Unspecified
hsa-mir-629-5p,MIMAT0004810,TMED5,50999,HITS-CLIP,tarbase,Unspecified
hsa-mir-629-5p,MIMAT0004810,CNN3,1266,HITS-CLIP,tarbase,Unspecified
hsa-mir-629-5p,MIMAT0004810,PROX1,5629,HITS-CLIP,tarbase,Unspecified
hsa-mir-629-5p,MIMAT0004810,CAMSAP2,23271,HITS-CLIP,tarbase,Unspecified
hsa-mir-629-5p,MIMAT0004810,ELOVL4,6785,HITS-CLIP,tarbase,Unspecified
hsa-mir-629-5p,MIMAT0004810,RPN2,6185,HITS-CLIP,tarbase,Unspecified
hsa-mir-629-5p,MIMAT0004810,ATAD2B,54454,PAR-CLIP,tarbase,Unspecified
hsa-mir-629-5p,MIMAT0004810,PROSER1,80209,PAR-CLIP,tarbase,Unspecified
hsa-mir-629-5p,MIMAT0004810,UFM1,51569,HITS-CLIP,tarbase,Unspecified
hsa-mir-629-5p,MIMAT0004810,TRIM25,7706,PAR-CLIP,tarbase,Unspecified
hsa-mir-629-5p,MIMAT0004810,CBX3,11335,PAR-CLIP,tarbase,Unspecified
hsa-mir-629-5p,MIMAT0004810,FAM126A,84668,HITS-CLIP,tarbase,Unspecified
hsa-mir-629-5p,MIMAT0004810,MORF4L2,9643,PAR-CLIP,tarbase,Unspecified
hsa-mir-629-5p,MIMAT0004810,ZNFX1,57169,HITS-CLIP,tarbase,Unspecified
hsa-mir-629-5p,MIMAT0004810,SLC35B3,51000,PAR-CLIP,tarbase,Unspecified
hsa-mir-629-5p,MIMAT0004810,RPL23,9349,HITS-CLIP,tarbase,Unspecified
hsa-mir-629-5p,MIMAT0004810,ZNF436,80818,HITS-CLIP,tarbase,Unspecified
hsa-mir-629-5p,MIMAT0004810,ZNF436,80818,HITS-CLIP,tarbase,Unspecified
hsa-mir-629-5p,MIMAT0004810,YEATS4,8089,PAR-CLIP,tarbase,Unspecified
hsa-mir-629-5p,MIMAT0004810,ZFP36,7538,Chimeric fragments,tarbase,Unspecified
hsa-mir-629-5p,MIMAT0004810,INO80,54617,HITS-CLIP,tarbase,Unspecified
hsa-mir-629-5p,MIMAT0004810,ILF3,3609,PAR-CLIP,tarbase,Unspecified
hsa-mir-629-5p,MIMAT0004810,ZNF236,7776,HITS-CLIP,tarbase,Unspecified
hsa-mir-629-5p,MIMAT0004810,UBE4B,10277,HITS-CLIP,tarbase,Unspecified
hsa-mir-629-5p,MIMAT0004810,SYNE1,23345,HITS-CLIP,tarbase,Unspecified
hsa-mir-629-5p,MIMAT0004810,ARHGEF9,23229,HITS-CLIP,tarbase,Unspecified
hsa-mir-629-5p,MIMAT0004810,ZNF141,7700,HITS-CLIP,tarbase,Unspecified
hsa-mir-629-5p,MIMAT0004810,GSE1,23199,PAR-CLIP,tarbase,Unspecified
hsa-mir-629-5p,MIMAT0004810,CAP1,10487,PAR-CLIP,tarbase,Unspecified
hsa-mir-629-5p,MIMAT0004810,SH3BP5,9467,HITS-CLIP,tarbase,Unspecified
hsa-mir-629-5p,MIMAT0004810,MAP1B,4131,HITS-CLIP,tarbase,Unspecified
hsa-mir-629-5p,MIMAT0004810,IL13RA1,3597,HITS-CLIP,tarbase,Unspecified
hsa-mir-629-5p,MIMAT0004810,WDR44,54521,PAR-CLIP,tarbase,Unspecified
hsa-mir-629-5p,MIMAT0004810,UBE2G1,7326,PAR-CLIP,tarbase,Unspecified
hsa-mir-629-5p,MIMAT0004810,PNISR,25957,HITS-CLIP,tarbase,Unspecified
hsa-mir-629-5p,MIMAT0004810,WBP2,23558,PAR-CLIP,tarbase,Unspecified
hsa-mir-629-5p,MIMAT0004810,KDM6B,23135,PAR-CLIP,tarbase,Unspecified
hsa-mir-629-5p,MIMAT0004810,IRS4,8471,HITS-CLIP,tarbase,Unspecified
hsa-mir-629-5p,MIMAT0004810,IRS4,8471,HITS-CLIP,tarbase,Unspecified
hsa-mir-629-5p,MIMAT0004810,BHLHE40,8553,HITS-CLIP,tarbase,Unspecified
hsa-mir-629-5p,MIMAT0004810,NOTCH2,4853,HITS-CLIP,tarbase,Unspecified
hsa-mir-629-5p,MIMAT0004810,YWHAQ,10971,HITS-CLIP,tarbase,Unspecified
hsa-mir-629-5p,MIMAT0004810,GRHL1,29841,HITS-CLIP,tarbase,Unspecified
hsa-mir-629-5p,MIMAT0004810,LDHA,3939,HITS-CLIP,tarbase,Unspecified
hsa-mir-629-5p,MIMAT0004810,LDHA,3939,HITS-CLIP,tarbase,Unspecified
hsa-mir-629-5p,MIMAT0004810,DDB2,1643,HITS-CLIP,tarbase,Unspecified
hsa-mir-629-5p,MIMAT0004810,MDM2,4193,HITS-CLIP,tarbase,Unspecified
hsa-mir-629-5p,MIMAT0004810,MFSD9,84804,HITS-CLIP,tarbase,Unspecified
hsa-mir-629-5p,MIMAT0004810,SLTM,79811,HITS-CLIP,tarbase,Unspecified
hsa-mir-629-5p,MIMAT0004810,HAUS2,55142,HITS-CLIP,tarbase,Unspecified
hsa-mir-629-5p,MIMAT0004810,NAB1,4664,PAR-CLIP,tarbase,Unspecified
hsa-mir-629-5p,MIMAT0004810,APH1B,83464,HITS-CLIP,tarbase,Unspecified
hsa-mir-629-5p,MIMAT0004810,FGD4,121512,HITS-CLIP,tarbase,Unspecified
hsa-mir-629-5p,MIMAT0004810,ETNK1,55500,HITS-CLIP,tarbase,Unspecified
hsa-mir-629-5p,MIMAT0004810,ANKRD52,283373,HITS-CLIP,tarbase,Unspecified
hsa-mir-629-5p,MIMAT0004810,HMG20A,10363,PAR-CLIP,tarbase,Unspecified
hsa-mir-629-5p,MIMAT0004810,ARRDC4,91947,HITS-CLIP,tarbase,Unspecified
hsa-mir-629-5p,MIMAT0004810,POLG,5428,PAR-CLIP,tarbase,Unspecified
hsa-mir-629-5p,MIMAT0004810,ARHGAP17,55114,PAR-CLIP,tarbase,Unspecified
hsa-mir-629-5p,MIMAT0004810,ARHGAP17,55114,PAR-CLIP,tarbase,Unspecified
hsa-mir-629-5p,MIMAT0004810,MINK1,50488,HITS-CLIP,tarbase,Unspecified
hsa-mir-629-5p,MIMAT0004810,SECTM1,6398,HITS-CLIP,tarbase,Unspecified
hsa-mir-629-5p,MIMAT0004810,NFIC,4782,HITS-CLIP,tarbase,Unspecified
hsa-mir-629-5p,MIMAT0004810,SERBP1,26135,HITS-CLIP,tarbase,Unspecified
hsa-mir-629-5p,MIMAT0004810,POGK,57645,PAR-CLIP,tarbase,Unspecified
hsa-mir-629-5p,MIMAT0004810,POU2F1,5451,HITS-CLIP,tarbase,Unspecified
hsa-mir-629-5p,MIMAT0004810,UBAP2L,9898,HITS-CLIP,tarbase,Unspecified
hsa-mir-629-5p,MIMAT0004810,FBXO28,23219,PAR-CLIP,tarbase,Unspecified
hsa-mir-629-5p,MIMAT0004810,SCRN3,79634,HITS-CLIP,tarbase,Unspecified
hsa-mir-629-5p,MIMAT0004810,UBR3,130507,HITS-CLIP,tarbase,Unspecified
hsa-mir-629-5p,MIMAT0004810,CAMK2D,817,PAR-CLIP,tarbase,Unspecified
hsa-mir-629-5p,MIMAT0004810,MYO10,4651,HITS-CLIP,tarbase,Unspecified
hsa-mir-629-5p,MIMAT0004810,TNIP1,10318,HITS-CLIP,tarbase,Unspecified
hsa-mir-629-5p,MIMAT0004810,RPL7L1,285855,HITS-CLIP,tarbase,Unspecified
hsa-mir-629-5p,MIMAT0004810,RARS2,57038,PAR-CLIP,tarbase,Unspecified
hsa-mir-629-5p,MIMAT0004810,RNF217,154214,HITS-CLIP,tarbase,Unspecified
hsa-mir-629-5p,MIMAT0004810,TMEM181,57583,HITS-CLIP,tarbase,Unspecified
hsa-mir-629-5p,MIMAT0004810,PURB,5814,HITS-CLIP,tarbase,Unspecified
hsa-mir-629-5p,MIMAT0004810,NOM1,64434,HITS-CLIP,tarbase,Unspecified
hsa-mir-629-5p,MIMAT0004810,ZNF711,7552,HITS-CLIP,tarbase,Unspecified
hsa-mir-629-5p,MIMAT0004810,LRP12,29967,PAR-CLIP,tarbase,Unspecified
hsa-mir-629-5p,MIMAT0004810,UTP23,84294,HITS-CLIP,tarbase,Unspecified
hsa-mir-629-5p,MIMAT0004810,HAUS6,54801,Chimeric fragments,tarbase,Unspecified
hsa-mir-629-5p,MIMAT0004810,EIF4EBP2,1979,HITS-CLIP,tarbase,Unspecified
hsa-mir-629-5p,MIMAT0004810,CELF1,10658,HITS-CLIP,tarbase,Unspecified
hsa-mir-629-5p,MIMAT0004810,GPR158,57512,HITS-CLIP,tarbase,Unspecified
hsa-mir-629-5p,MIMAT0004810,RABGAP1L,9910,HITS-CLIP,tarbase,Unspecified
hsa-mir-629-5p,MIMAT0004810,ZFP36L2,678,HITS-CLIP,tarbase,Unspecified
hsa-mir-629-5p,MIMAT0004810,MBNL1,4154,HITS-CLIP,tarbase,Unspecified
hsa-mir-629-5p,MIMAT0004810,FARP1,10160,HITS-CLIP,tarbase,Unspecified
hsa-mir-629-5p,MIMAT0004810,RANBP2,5903,HITS-CLIP,tarbase,Unspecified
hsa-mir-629-5p,MIMAT0004810,LPCAT1,79888,HITS-CLIP,tarbase,Unspecified
hsa-mir-629-5p,MIMAT0004810,LPCAT1,79888,HITS-CLIP,tarbase,Unspecified
hsa-mir-629-5p,MIMAT0004810,USP25,29761,HITS-CLIP,tarbase,Unspecified
hsa-mir-629-5p,MIMAT0004810,NIFK,84365,"HITS-CLIP, PAR-CLIP",tarbase,Unspecified
hsa-mir-629-5p,MIMAT0004810,LARP1,23367,HITS-CLIP,tarbase,Unspecified
hsa-mir-629-5p,MIMAT0004810,KCNMA1,3778,HITS-CLIP,tarbase,Unspecified
hsa-mir-629-5p,MIMAT0004810,CPT2,1376,PAR-CLIP,tarbase,Unspecified
hsa-mir-629-5p,MIMAT0004810,PPP1R15B,84919,HITS-CLIP,tarbase,Unspecified
hsa-mir-629-5p,MIMAT0004810,IFNAR2,3455,HITS-CLIP,tarbase,Unspecified
hsa-mir-629-5p,MIMAT0004810,IFNAR2,3455,HITS-CLIP,tarbase,Unspecified
hsa-mir-629-5p,MIMAT0004810,BTG2,7832,HITS-CLIP,tarbase,Unspecified
hsa-mir-629-5p,MIMAT0004810,UBR1,197131,"PAR-CLIP, HITS-CLIP",tarbase,Unspecified
hsa-mir-629-5p,MIMAT0004810,EFCAB14,9813,PAR-CLIP,tarbase,Unspecified
hsa-mir-629-5p,MIMAT0004810,ARHGAP35,2909,HITS-CLIP,tarbase,Unspecified
hsa-mir-629-5p,MIMAT0004810,TAOK1,57551,HITS-CLIP,tarbase,Unspecified
hsa-mir-629-5p,MIMAT0004810,FAM189B,10712,HITS-CLIP,tarbase,Unspecified
hsa-mir-629-5p,MIMAT0004810,FAM189B,10712,HITS-CLIP,tarbase,Unspecified
hsa-mir-629-5p,MIMAT0004810,AP2M1,1173,HITS-CLIP,tarbase,Unspecified
hsa-mir-629-5p,MIMAT0004810,SPC24,147841,PAR-CLIP,tarbase,Unspecified
hsa-mir-629-5p,MIMAT0004810,ADCY9,115,HITS-CLIP,tarbase,Unspecified
hsa-mir-629-5p,MIMAT0004810,NXF1,10482,PAR-CLIP,tarbase,Unspecified
hsa-mir-629-5p,MIMAT0004810,LYSMD1,388695,HITS-CLIP,tarbase,Unspecified
hsa-mir-629-5p,MIMAT0004810,NUAK2,81788,HITS-CLIP,tarbase,Unspecified
hsa-mir-629-5p,MIMAT0004810,RPP14,11102,HITS-CLIP,tarbase,Unspecified
hsa-mir-629-5p,MIMAT0004810,AGGF1,55109,PAR-CLIP,tarbase,Unspecified
hsa-mir-629-5p,MIMAT0004810,CASP3,836,Chimeric fragments,tarbase,Unspecified
hsa-mir-629-5p,MIMAT0004810,KIAA0895,23366,HITS-CLIP,tarbase,Unspecified
hsa-mir-629-5p,MIMAT0004810,RAD21,5885,HITS-CLIP,tarbase,Unspecified
hsa-mir-629-5p,MIMAT0004810,ORC5,5001,PAR-CLIP,tarbase,Unspecified
hsa-mir-629-5p,MIMAT0004810,FZD6,8323,PAR-CLIP,tarbase,Unspecified
hsa-mir-629-5p,MIMAT0004810,UBAP1,51271,HITS-CLIP,tarbase,Unspecified
hsa-mir-629-5p,MIMAT0004810,NUDT5,11164,HITS-CLIP,tarbase,Unspecified
hsa-mir-629-5p,MIMAT0004810,QSOX2,169714,HITS-CLIP,tarbase,Unspecified
hsa-mir-629-5p,MIMAT0004810,SPRED1,161742,HITS-CLIP,tarbase,Unspecified
hsa-mir-629-5p,MIMAT0004810,SCG5,6447,HITS-CLIP,tarbase,Unspecified
hsa-mir-629-5p,MIMAT0004810,SCG5,6447,HITS-CLIP,tarbase,Unspecified
hsa-mir-629-5p,MIMAT0004810,SCG5,6447,HITS-CLIP,tarbase,Unspecified
hsa-mir-629-5p,MIMAT0004810,MBD6,114785,HITS-CLIP,tarbase,Unspecified
hsa-mir-629-5p,MIMAT0004810,FAM102A,399665,PAR-CLIP,tarbase,Unspecified
hsa-mir-629-5p,MIMAT0004810,ZNF91,7644,PAR-CLIP,tarbase,Unspecified
hsa-mir-629-5p,MIMAT0004810,MIDN,90007,HITS-CLIP,tarbase,Unspecified
hsa-mir-629-5p,MIMAT0004810,DHRS13,147015,HITS-CLIP,tarbase,Unspecified
hsa-mir-629-5p,MIMAT0004810,SERTAD3,29946,HITS-CLIP,tarbase,Unspecified
hsa-mir-629-5p,MIMAT0004810,MFF,56947,PAR-CLIP,tarbase,Unspecified
hsa-mir-629-5p,MIMAT0004810,CSNK1G1,53944,HITS-CLIP,tarbase,Unspecified
hsa-mir-629-5p,MIMAT0004810,TBC1D10B,26000,HITS-CLIP,tarbase,Unspecified
hsa-mir-629-5p,MIMAT0004810,SLC33A1,9197,PAR-CLIP,tarbase,Unspecified
hsa-mir-629-5p,MIMAT0004810,SIN3A,25942,PAR-CLIP,tarbase,Unspecified
hsa-mir-629-5p,MIMAT0004810,BRD3,8019,HITS-CLIP,tarbase,Unspecified
hsa-mir-629-5p,MIMAT0004810,AKAP13,11214,PAR-CLIP,tarbase,Unspecified
hsa-mir-629-5p,MIMAT0004810,TANC2,26115,"PAR-CLIP, HITS-CLIP",tarbase,Unspecified
hsa-mir-629-5p,MIMAT0004810,S1PR1,1901,PAR-CLIP,tarbase,Unspecified
hsa-mir-629-5p,MIMAT0004810,TSNARE1,203062,HITS-CLIP,tarbase,Unspecified
hsa-mir-629-5p,MIMAT0004810,EXOSC10,5394,PAR-CLIP,tarbase,Unspecified
hsa-mir-629-5p,MIMAT0004810,MLLT3,4300,HITS-CLIP,tarbase,Unspecified
hsa-mir-629-5p,MIMAT0004810,ZNF217,7764,PAR-CLIP,tarbase,Unspecified
hsa-mir-629-5p,MIMAT0004810,ORMDL3,94103,HITS-CLIP,tarbase,Unspecified
hsa-mir-629-5p,MIMAT0004810,ZNF131,7690,PAR-CLIP,tarbase,Unspecified
hsa-mir-629-5p,MIMAT0004810,PDE3A,5139,HITS-CLIP,tarbase,Unspecified
hsa-mir-629-5p,MIMAT0004810,ZMAT3,64393,HITS-CLIP,tarbase,Unspecified
hsa-mir-629-5p,MIMAT0004810,CFL1,1072,Chimeric fragments,tarbase,Unspecified
hsa-mir-629-5p,MIMAT0004810,PDP2,57546,PAR-CLIP,tarbase,Unspecified
hsa-mir-629-5p,MIMAT0004810,PTPRM,5797,HITS-CLIP,tarbase,Unspecified
hsa-mir-629-5p,MIMAT0004810,SCAI,286205,HITS-CLIP,tarbase,Unspecified
hsa-mir-629-5p,MIMAT0004810,HEG1,57493,HITS-CLIP,tarbase,Unspecified
hsa-mir-629-5p,MIMAT0004810,GOLIM4,27333,HITS-CLIP,tarbase,Unspecified
hsa-mir-629-5p,MIMAT0004810,MSL2,55167,PAR-CLIP,tarbase,Unspecified
hsa-mir-629-5p,MIMAT0004810,TMEM167A,153339,HITS-CLIP,tarbase,Unspecified
hsa-mir-629-5p,MIMAT0004810,NR1D2,9975,HITS-CLIP,tarbase,Unspecified
hsa-mir-629-5p,MIMAT0004810,UBE2C,11065,HITS-CLIP,tarbase,Unspecified
hsa-mir-629-5p,MIMAT0004810,CTDSP2,10106,HITS-CLIP,tarbase,Unspecified
hsa-mir-629-5p,MIMAT0004810,TMEM187,8269,HITS-CLIP,tarbase,Unspecified
hsa-mir-629-5p,MIMAT0004810,PITPNB,23760,HITS-CLIP,tarbase,Unspecified
hsa-mir-629-5p,MIMAT0004810,ZNF678,339500,HITS-CLIP,tarbase,Unspecified
hsa-mir-629-5p,MIMAT0004810,CLN8,2055,HITS-CLIP,tarbase,Unspecified
hsa-mir-629-5p,MIMAT0004810,CLN8,2055,HITS-CLIP,tarbase,Unspecified
hsa-mir-629-5p,MIMAT0004810,C16orf72,29035,PAR-CLIP,tarbase,Unspecified
hsa-mir-629-5p,MIMAT0004810,PTTG1IP,754,HITS-CLIP,tarbase,Unspecified
hsa-mir-629-5p,MIMAT0004810,DAZAP2,9802,HITS-CLIP,tarbase,Unspecified
hsa-mir-629-5p,MIMAT0004810,EIF4ENIF1,56478,PAR-CLIP,tarbase,Unspecified
hsa-mir-629-5p,MIMAT0004810,NDUFA6,4700,HITS-CLIP,tarbase,Unspecified
hsa-mir-629-5p,MIMAT0004810,NDUFA6,4700,HITS-CLIP,tarbase,Unspecified
hsa-mir-629-5p,MIMAT0004810,NDUFA6,4700,HITS-CLIP,tarbase,Unspecified
hsa-mir-629-5p,MIMAT0004810,NDUFA6,4700,HITS-CLIP,tarbase,Unspecified
hsa-mir-629-5p,MIMAT0004810,NDUFA6,4700,HITS-CLIP,tarbase,Unspecified
hsa-mir-629-5p,MIMAT0004810,PURA,5813,Chimeric fragments,tarbase,Unspecified
hsa-mir-629-5p,MIMAT0004810,PSMD13,5719,HITS-CLIP,tarbase,Unspecified
hsa-mir-629-5p,MIMAT0004810,ZNF267,10308,PAR-CLIP,tarbase,Unspecified
hsa-mir-629-5p,MIMAT0004810,SEMA4D,10507,HITS-CLIP,tarbase,Unspecified
hsa-mir-629-5p,MIMAT0004810,FANCM,57697,HITS-CLIP,tarbase,Unspecified
hsa-mir-629-5p,MIMAT0004810,UBQLN2,29978,HITS-CLIP,tarbase,Unspecified
hsa-mir-629-5p,MIMAT0004810,NCR3LG1,374383,HITS-CLIP,tarbase,Unspecified
hsa-mir-629-5p,MIMAT0004810,PTAR1,375743,HITS-CLIP,tarbase,Unspecified
hsa-mir-629-5p,MIMAT0004810,MTF1,4520,PAR-CLIP,tarbase,Unspecified
hsa-mir-629-5p,MIMAT0004810,ZNF681,148213,HITS-CLIP,tarbase,Unspecified
hsa-mir-629-5p,MIMAT0004810,RABL6,55684,HITS-CLIP,tarbase,Unspecified
hsa-mir-629-5p,MIMAT0004810,ZNF431,170959,PAR-CLIP,tarbase,Unspecified
hsa-mir-629-5p,MIMAT0004810,NHLRC2,374354,PAR-CLIP,tarbase,Unspecified
hsa-mir-629-5p,MIMAT0004810,CASP4,837,HITS-CLIP,tarbase,Unspecified
hsa-mir-629-5p,MIMAT0004810,PCBP2,5094,HITS-CLIP,tarbase,Unspecified
hsa-mir-629-5p,MIMAT0004810,PGAP1,80055,HITS-CLIP,tarbase,Unspecified
hsa-mir-629-5p,MIMAT0004810,ZNF695,57116,HITS-CLIP,tarbase,Unspecified
hsa-mir-629-5p,MIMAT0004810,ZNF81,347344,HITS-CLIP,tarbase,Unspecified
hsa-mir-629-5p,MIMAT0004810,ADH5,128,HITS-CLIP,tarbase,Unspecified
hsa-mir-629-5p,MIMAT0004810,ZNF121,7675,HITS-CLIP,tarbase,Unspecified
hsa-mir-629-5p,MIMAT0004810,MAK16,84549,HITS-CLIP,tarbase,Unspecified
hsa-mir-629-5p,MIMAT0004810,NCOA6,23054,HITS-CLIP,tarbase,Unspecified
hsa-mir-629-5p,MIMAT0004810,RCSD1,92241,PAR-CLIP,tarbase,Unspecified
hsa-mir-629-5p,MIMAT0004810,OPA1,4976,HITS-CLIP,tarbase,Unspecified
hsa-mir-629-5p,MIMAT0004810,LTN1,26046,PAR-CLIP,tarbase,Unspecified
hsa-mir-629-5p,MIMAT0004810,L1CAM,3897,HITS-CLIP,tarbase,Unspecified
hsa-mir-629-5p,MIMAT0004810,ZDBF2,57683,PAR-CLIP,tarbase,Unspecified
hsa-mir-629-5p,MIMAT0004810,ZDBF2,57683,PAR-CLIP,tarbase,Unspecified
hsa-mir-629-5p,MIMAT0004810,SAMD9,54809,PAR-CLIP,tarbase,Unspecified
hsa-mir-629-5p,MIMAT0004810,DENND1B,163486,HITS-CLIP,tarbase,Unspecified
hsa-mir-629-5p,MIMAT0004810,FGFR1OP,11116,HITS-CLIP,tarbase,Unspecified
hsa-mir-629-5p,MIMAT0004810,DNASE1,1773,HITS-CLIP,tarbase,Unspecified
hsa-mir-629-5p,MIMAT0004810,HAUS3,79441,PAR-CLIP,tarbase,Unspecified
hsa-mir-629-5p,MIMAT0004810,HSBP1,3281,HITS-CLIP,tarbase,Unspecified
hsa-mir-629-5p,MIMAT0004810,ZNF253,56242,PAR-CLIP,tarbase,Unspecified
hsa-mir-629-5p,MIMAT0004810,ZNF878,729747,HITS-CLIP,tarbase,Unspecified
hsa-mir-629-5p,MIMAT0004810,BLOC1S5-TXNDC5,100526836,HITS-CLIP,tarbase,Unspecified
hsa-mir-629-5p,MIMAT0004810,UBBP4,23666,PAR-CLIP,tarbase,Unspecified
hsa-mir-629-5p,MIMAT0004810,DYNLL2,140735,HITS-CLIP,tarbase,Unspecified
hsa-mir-629-5p,MIMAT0004810,NBPF10,100132406,HITS-CLIP,tarbase,Unspecified
hsa-mir-629-5p,MIMAT0004810,LIX1L,128077,HITS-CLIP,tarbase,Unspecified
hsa-mir-629-5p,MIMAT0004810,SOCS7,30837,HITS-CLIP,tarbase,Unspecified
hsa-mir-629-5p,MIMAT0004810,SOCS7,30837,HITS-CLIP,tarbase,Unspecified
